,domain
Cell_9,5
Cell_10,2
Cell_13,1
Cell_15,5
Cell_16,2
Cell_17,5
Cell_20,1
Cell_21,5
Cell_22,5
Cell_23,6
Cell_24,2
Cell_25,1
Cell_26,1
Cell_27,1
Cell_28,1
Cell_29,5
Cell_30,4
Cell_31,5
Cell_33,6
Cell_34,5
Cell_35,2
Cell_36,2
Cell_37,5
Cell_38,2
Cell_40,2
Cell_41,1
Cell_42,1
Cell_43,5
Cell_44,1
Cell_45,1
Cell_47,2
Cell_48,6
Cell_49,7
Cell_50,7
Cell_51,5
Cell_52,5
Cell_53,7
Cell_54,4
Cell_55,6
Cell_56,5
Cell_57,1
Cell_60,2
Cell_61,1
Cell_62,1
Cell_63,4
Cell_64,1
Cell_65,5
Cell_67,1
Cell_68,6
Cell_69,6
Cell_70,5
Cell_71,2
Cell_72,6
Cell_74,5
Cell_76,4
Cell_77,2
Cell_78,1
Cell_79,5
Cell_80,7
Cell_81,1
Cell_82,4
Cell_85,2
Cell_86,6
Cell_87,4
Cell_88,1
Cell_89,6
Cell_90,1
Cell_92,5
Cell_93,2
Cell_94,2
Cell_95,5
Cell_96,2
Cell_97,5
Cell_99,5
Cell_100,2
Cell_101,5
Cell_102,4
Cell_103,1
Cell_104,3
Cell_105,1
Cell_106,2
Cell_107,2
Cell_108,6
Cell_110,5
Cell_111,4
Cell_113,5
Cell_114,2
Cell_115,1
Cell_116,6
Cell_117,2
Cell_118,2
Cell_119,1
Cell_121,5
Cell_122,7
Cell_123,3
Cell_124,1
Cell_125,5
Cell_126,2
Cell_127,2
Cell_129,2
Cell_131,1
Cell_132,6
Cell_134,6
Cell_135,4
Cell_138,5
Cell_139,5
Cell_140,7
Cell_142,7
Cell_143,6
Cell_144,2
Cell_145,2
Cell_146,2
Cell_147,6
Cell_148,5
Cell_149,1
Cell_150,5
Cell_151,1
Cell_152,5
Cell_153,1
Cell_154,1
Cell_155,5
Cell_156,1
Cell_157,7
Cell_159,6
Cell_160,5
Cell_162,5
Cell_163,7
Cell_164,6
Cell_165,5
Cell_166,1
Cell_167,5
Cell_168,5
Cell_169,5
Cell_171,2
Cell_172,1
Cell_173,5
Cell_174,1
Cell_176,1
Cell_177,7
Cell_178,1
Cell_179,7
Cell_180,5
Cell_181,6
Cell_182,5
Cell_183,2
Cell_184,1
Cell_185,2
Cell_186,2
Cell_187,1
Cell_188,5
Cell_190,1
Cell_191,2
Cell_192,5
Cell_193,2
Cell_194,4
Cell_195,7
Cell_196,6
Cell_197,6
Cell_198,5
Cell_199,5
Cell_200,7
Cell_201,1
Cell_203,6
Cell_204,5
Cell_205,2
Cell_206,2
Cell_207,1
Cell_208,1
Cell_209,1
Cell_210,3
Cell_211,5
Cell_212,1
Cell_214,1
Cell_215,5
Cell_216,1
Cell_217,1
Cell_218,5
Cell_219,1
Cell_220,2
Cell_221,5
Cell_222,1
Cell_223,1
Cell_224,5
Cell_225,1
Cell_226,7
Cell_227,5
Cell_228,2
Cell_229,3
Cell_230,5
Cell_233,5
Cell_234,2
Cell_235,7
Cell_236,4
Cell_237,1
Cell_238,1
Cell_239,1
Cell_241,7
Cell_242,1
Cell_243,1
Cell_244,1
Cell_248,3
Cell_250,2
Cell_252,2
Cell_253,1
Cell_254,6
Cell_255,7
Cell_256,1
Cell_257,7
Cell_258,1
Cell_259,2
Cell_260,5
Cell_261,2
Cell_262,6
Cell_263,5
Cell_264,1
Cell_265,6
Cell_266,5
Cell_267,6
Cell_268,7
Cell_269,5
Cell_270,5
Cell_271,5
Cell_272,1
Cell_274,5
Cell_275,1
Cell_276,2
Cell_277,5
Cell_278,5
Cell_279,2
Cell_280,5
Cell_281,5
Cell_283,5
Cell_284,2
Cell_285,2
Cell_286,7
Cell_288,1
Cell_289,6
Cell_290,1
Cell_291,1
Cell_292,7
Cell_293,1
Cell_295,5
Cell_296,6
Cell_297,2
Cell_299,6
Cell_300,2
Cell_301,2
Cell_302,6
Cell_303,2
Cell_306,5
Cell_307,1
Cell_308,2
Cell_309,7
Cell_310,1
Cell_311,5
Cell_312,1
Cell_313,2
Cell_315,5
Cell_316,4
Cell_317,1
Cell_318,6
Cell_319,1
Cell_320,6
Cell_321,5
Cell_323,1
Cell_324,6
Cell_325,1
Cell_326,2
Cell_328,5
Cell_329,5
Cell_330,1
Cell_331,1
Cell_332,1
Cell_333,6
Cell_334,7
Cell_336,5
Cell_338,5
Cell_339,2
Cell_340,4
Cell_341,1
Cell_342,1
Cell_343,5
Cell_345,6
Cell_347,5
Cell_348,1
Cell_349,1
Cell_350,2
Cell_351,1
Cell_352,6
Cell_353,7
Cell_354,2
Cell_356,5
Cell_357,2
Cell_358,2
Cell_359,2
Cell_361,5
Cell_362,7
Cell_363,5
Cell_365,5
Cell_366,1
Cell_367,7
Cell_368,1
Cell_369,7
Cell_370,1
Cell_371,6
Cell_372,5
Cell_373,2
Cell_374,2
Cell_375,1
Cell_377,2
Cell_378,6
Cell_379,5
Cell_380,3
Cell_381,7
Cell_382,7
Cell_383,1
Cell_384,6
Cell_385,5
Cell_386,6
Cell_387,2
Cell_388,1
Cell_389,7
Cell_390,2
Cell_391,1
Cell_392,1
Cell_393,2
Cell_395,1
Cell_396,1
Cell_397,7
Cell_398,4
Cell_399,5
Cell_400,1
Cell_401,5
Cell_403,6
Cell_404,2
Cell_405,6
Cell_406,5
Cell_407,6
Cell_408,1
Cell_409,2
Cell_410,5
Cell_411,5
Cell_412,6
Cell_413,2
Cell_414,5
Cell_415,7
Cell_417,2
Cell_418,5
Cell_419,2
Cell_420,4
Cell_421,5
Cell_422,1
Cell_423,5
Cell_424,5
Cell_425,5
Cell_426,7
Cell_428,1
Cell_429,1
Cell_430,1
Cell_431,5
Cell_433,1
Cell_434,5
Cell_435,5
Cell_436,7
Cell_437,7
Cell_438,2
Cell_439,2
Cell_440,6
Cell_441,1
Cell_442,5
Cell_443,7
Cell_444,1
Cell_446,2
Cell_447,2
Cell_448,7
Cell_449,5
Cell_450,2
Cell_451,6
Cell_452,5
Cell_453,2
Cell_454,1
Cell_455,6
Cell_456,7
Cell_457,1
Cell_458,1
Cell_459,1
Cell_460,2
Cell_461,6
Cell_462,2
Cell_463,1
Cell_464,6
Cell_465,1
Cell_466,6
Cell_467,1
Cell_468,6
Cell_470,2
Cell_471,6
Cell_472,5
Cell_473,1
Cell_474,5
Cell_476,5
Cell_477,7
Cell_478,1
Cell_480,2
Cell_481,1
Cell_482,5
Cell_483,4
Cell_484,1
Cell_485,5
Cell_486,5
Cell_487,2
Cell_488,1
Cell_489,1
Cell_493,1
Cell_494,1
Cell_495,6
Cell_496,2
Cell_497,1
Cell_498,7
Cell_500,5
Cell_501,5
Cell_503,1
Cell_504,5
Cell_505,2
Cell_506,7
Cell_507,2
Cell_508,6
Cell_509,2
Cell_510,5
Cell_511,1
Cell_512,5
Cell_514,7
Cell_515,1
Cell_516,1
Cell_517,7
Cell_518,6
Cell_519,1
Cell_520,7
Cell_521,2
Cell_522,5
Cell_523,1
Cell_524,5
Cell_525,5
Cell_527,2
Cell_528,6
Cell_529,2
Cell_530,2
Cell_531,2
Cell_532,1
Cell_534,5
Cell_535,6
Cell_536,2
Cell_537,1
Cell_538,6
Cell_539,7
Cell_540,1
Cell_541,5
Cell_542,2
Cell_544,1
Cell_545,6
Cell_547,1
Cell_548,5
Cell_549,2
Cell_550,6
Cell_551,1
Cell_552,2
Cell_553,2
Cell_554,1
Cell_555,7
Cell_556,2
Cell_557,2
Cell_558,2
Cell_559,5
Cell_560,2
Cell_561,1
Cell_562,1
Cell_563,2
Cell_564,1
Cell_565,1
Cell_566,7
Cell_567,5
Cell_568,6
Cell_569,2
Cell_570,5
Cell_571,5
Cell_573,2
Cell_575,2
Cell_576,1
Cell_577,1
Cell_578,5
Cell_580,1
Cell_581,5
Cell_582,2
Cell_584,1
Cell_585,1
Cell_588,2
Cell_589,2
Cell_591,7
Cell_592,7
Cell_593,7
Cell_594,1
Cell_595,2
Cell_596,2
Cell_597,5
Cell_599,1
Cell_600,1
Cell_601,5
Cell_602,7
Cell_603,2
Cell_604,6
Cell_605,2
Cell_606,1
Cell_607,1
Cell_609,1
Cell_610,2
Cell_611,2
Cell_612,1
Cell_613,2
Cell_614,7
Cell_615,5
Cell_616,1
Cell_617,2
Cell_618,1
Cell_619,5
Cell_620,7
Cell_621,5
Cell_622,2
Cell_623,2
Cell_625,1
Cell_626,1
Cell_627,2
Cell_628,2
Cell_629,7
Cell_630,7
Cell_631,6
Cell_632,1
Cell_633,7
Cell_634,6
Cell_635,5
Cell_637,7
Cell_638,7
Cell_639,1
Cell_640,1
Cell_642,2
Cell_643,1
Cell_644,2
Cell_646,1
Cell_647,4
Cell_648,2
Cell_649,2
Cell_651,5
Cell_652,6
Cell_653,2
Cell_654,1
Cell_655,5
Cell_656,4
Cell_657,4
Cell_658,4
Cell_659,6
Cell_661,2
Cell_662,1
Cell_663,5
Cell_664,2
Cell_665,7
Cell_666,5
Cell_667,1
Cell_668,1
Cell_670,6
Cell_671,1
Cell_672,1
Cell_673,6
Cell_674,6
Cell_675,1
Cell_677,5
Cell_678,2
Cell_679,2
Cell_680,6
Cell_681,5
Cell_682,2
Cell_683,2
Cell_684,1
Cell_685,1
Cell_686,2
Cell_687,6
Cell_688,2
Cell_689,4
Cell_690,6
Cell_691,7
Cell_692,7
Cell_693,5
Cell_694,2
Cell_695,6
Cell_696,7
Cell_697,1
Cell_698,5
Cell_699,1
Cell_700,6
Cell_701,7
Cell_702,2
Cell_703,6
Cell_705,2
Cell_706,1
Cell_709,1
Cell_710,5
Cell_711,2
Cell_712,1
Cell_714,5
Cell_715,6
Cell_716,6
Cell_717,2
Cell_720,5
Cell_721,5
Cell_723,2
Cell_724,7
Cell_726,5
Cell_727,5
Cell_729,5
Cell_731,6
Cell_733,2
Cell_736,5
Cell_738,1
Cell_739,6
Cell_740,2
Cell_741,4
Cell_742,5
Cell_743,2
Cell_744,6
Cell_745,5
Cell_746,2
Cell_747,7
Cell_748,7
Cell_749,6
Cell_750,2
Cell_751,4
Cell_752,6
Cell_753,1
Cell_754,7
Cell_755,2
Cell_756,6
Cell_758,7
Cell_759,5
Cell_762,2
Cell_763,2
Cell_764,6
Cell_765,2
Cell_766,5
Cell_768,2
Cell_769,1
Cell_770,7
Cell_771,7
Cell_772,2
Cell_773,2
Cell_775,2
Cell_776,5
Cell_777,7
Cell_778,1
Cell_779,1
Cell_780,1
Cell_781,7
Cell_782,5
Cell_783,6
Cell_785,7
Cell_786,6
Cell_787,5
Cell_788,5
Cell_789,4
Cell_790,2
Cell_791,1
Cell_792,1
Cell_793,7
Cell_794,6
Cell_796,2
Cell_798,1
Cell_799,1
Cell_800,7
Cell_801,1
Cell_802,6
Cell_803,5
Cell_804,7
Cell_805,2
Cell_806,5
Cell_807,2
Cell_808,2
Cell_809,2
Cell_810,2
Cell_811,7
Cell_812,2
Cell_813,7
Cell_814,2
Cell_815,4
Cell_816,5
Cell_817,5
Cell_818,7
Cell_819,2
Cell_820,5
Cell_821,7
Cell_822,1
Cell_823,1
Cell_824,6
Cell_825,6
Cell_826,4
Cell_827,6
Cell_828,2
Cell_829,5
Cell_830,2
Cell_831,1
Cell_833,7
Cell_834,3
Cell_836,6
Cell_837,5
Cell_838,5
Cell_839,1
Cell_841,2
Cell_842,3
Cell_843,6
Cell_844,5
Cell_845,7
Cell_846,2
Cell_847,4
Cell_848,1
Cell_849,7
Cell_851,7
Cell_852,3
Cell_853,7
Cell_854,2
Cell_855,2
Cell_856,5
Cell_857,2
Cell_858,3
Cell_859,4
Cell_860,1
Cell_861,2
Cell_862,2
Cell_864,5
Cell_865,4
Cell_866,5
Cell_867,2
Cell_868,5
Cell_869,1
Cell_870,1
Cell_871,1
Cell_872,4
Cell_873,7
Cell_874,1
Cell_875,6
Cell_876,2
Cell_877,1
Cell_878,4
Cell_879,5
Cell_880,7
Cell_881,2
Cell_882,7
Cell_883,2
Cell_884,1
Cell_885,4
Cell_887,1
Cell_888,2
Cell_889,4
Cell_890,2
Cell_891,7
Cell_892,2
Cell_893,1
Cell_894,6
Cell_895,2
Cell_896,2
Cell_898,5
Cell_899,7
Cell_900,3
Cell_901,4
Cell_902,6
Cell_903,5
Cell_904,2
Cell_905,5
Cell_906,5
Cell_907,5
Cell_908,7
Cell_909,1
Cell_910,1
Cell_911,2
Cell_912,2
Cell_913,1
Cell_914,4
Cell_915,7
Cell_916,7
Cell_917,1
Cell_918,2
Cell_919,1
Cell_922,1
Cell_923,7
Cell_924,1
Cell_925,2
Cell_926,2
Cell_927,1
Cell_928,7
Cell_929,2
Cell_931,7
Cell_932,6
Cell_933,1
Cell_934,2
Cell_935,6
Cell_936,1
Cell_937,4
Cell_938,1
Cell_939,2
Cell_940,1
Cell_941,5
Cell_942,7
Cell_943,2
Cell_944,5
Cell_945,7
Cell_946,2
Cell_947,3
Cell_948,1
Cell_949,5
Cell_950,1
Cell_951,1
Cell_952,5
Cell_953,1
Cell_954,5
Cell_955,7
Cell_956,7
Cell_957,2
Cell_958,4
Cell_959,2
Cell_960,2
Cell_961,2
Cell_962,2
Cell_963,5
Cell_964,1
Cell_966,1
Cell_968,5
Cell_969,2
Cell_970,5
Cell_971,7
Cell_972,1
Cell_973,7
Cell_974,1
Cell_975,6
Cell_976,7
Cell_977,6
Cell_978,5
Cell_979,6
Cell_980,5
Cell_981,5
Cell_982,2
Cell_983,1
Cell_984,6
Cell_985,2
Cell_986,6
Cell_987,2
Cell_988,1
Cell_989,5
Cell_990,7
Cell_991,6
Cell_992,7
Cell_993,1
Cell_994,5
Cell_995,2
Cell_996,7
Cell_997,1
Cell_999,5
Cell_1000,5
Cell_1001,6
Cell_1002,1
Cell_1003,1
Cell_1004,5
Cell_1005,2
Cell_1006,5
Cell_1007,2
Cell_1008,4
Cell_1009,1
Cell_1010,2
Cell_1011,2
Cell_1012,5
Cell_1013,2
Cell_1014,1
Cell_1015,3
Cell_1016,1
Cell_1018,7
Cell_1019,1
Cell_1020,7
Cell_1021,1
Cell_1022,6
Cell_1023,1
Cell_1024,5
Cell_1025,1
Cell_1026,2
Cell_1027,7
Cell_1028,1
Cell_1029,7
Cell_1030,7
Cell_1031,7
Cell_1032,7
Cell_1033,2
Cell_1034,2
Cell_1035,1
Cell_1036,5
Cell_1037,1
Cell_1038,1
Cell_1039,1
Cell_1040,6
Cell_1041,5
Cell_1042,2
Cell_1043,2
Cell_1044,1
Cell_1045,6
Cell_1046,1
Cell_1047,5
Cell_1048,2
Cell_1049,2
Cell_1050,1
Cell_1051,5
Cell_1052,7
Cell_1053,2
Cell_1054,5
Cell_1055,3
Cell_1056,5
Cell_1057,6
Cell_1058,1
Cell_1059,7
Cell_1060,7
Cell_1062,4
Cell_1063,5
Cell_1064,1
Cell_1065,1
Cell_1066,1
Cell_1067,6
Cell_1068,5
Cell_1069,6
Cell_1070,7
Cell_1071,1
Cell_1072,6
Cell_1073,5
Cell_1074,2
Cell_1075,5
Cell_1076,2
Cell_1077,5
Cell_1079,7
Cell_1080,2
Cell_1081,1
Cell_1084,5
Cell_1085,2
Cell_1087,1
Cell_1088,6
Cell_1090,5
Cell_1091,1
Cell_1092,7
Cell_1093,2
Cell_1094,5
Cell_1095,2
Cell_1096,5
Cell_1097,6
Cell_1098,5
Cell_1099,2
Cell_1100,2
Cell_1101,1
Cell_1102,1
Cell_1103,5
Cell_1104,5
Cell_1105,1
Cell_1106,7
Cell_1107,1
Cell_1108,5
Cell_1109,7
Cell_1110,1
Cell_1111,7
Cell_1113,5
Cell_1114,1
Cell_1115,2
Cell_1116,5
Cell_1117,1
Cell_1118,1
Cell_1119,5
Cell_1120,2
Cell_1121,6
Cell_1122,5
Cell_1123,2
Cell_1124,6
Cell_1125,3
Cell_1126,6
Cell_1128,1
Cell_1129,2
Cell_1130,2
Cell_1132,6
Cell_1133,7
Cell_1134,5
Cell_1135,5
Cell_1136,6
Cell_1137,2
Cell_1138,5
Cell_1140,1
Cell_1142,2
Cell_1143,1
Cell_1145,2
Cell_1146,1
Cell_1147,5
Cell_1148,7
Cell_1149,1
Cell_1150,1
Cell_1152,5
Cell_1153,2
Cell_1154,7
Cell_1155,6
Cell_1156,1
Cell_1157,1
Cell_1158,6
Cell_1159,5
Cell_1160,2
Cell_1162,6
Cell_1163,2
Cell_1164,1
Cell_1165,7
Cell_1166,2
Cell_1168,2
Cell_1169,6
Cell_1170,2
Cell_1172,1
Cell_1174,5
Cell_1175,2
Cell_1177,1
Cell_1178,6
Cell_1179,6
Cell_1181,5
Cell_1182,2
Cell_1183,1
Cell_1184,5
Cell_1185,6
Cell_1186,7
Cell_1187,1
Cell_1188,1
Cell_1189,5
Cell_1190,2
Cell_1191,1
Cell_1192,5
Cell_1193,1
Cell_1194,3
Cell_1195,6
Cell_1196,1
Cell_1198,5
Cell_1200,1
Cell_1201,5
Cell_1202,1
Cell_1203,1
Cell_1204,6
Cell_1205,1
Cell_1206,1
Cell_1207,2
Cell_1208,5
Cell_1210,2
Cell_1212,6
Cell_1213,1
Cell_1214,2
Cell_1215,2
Cell_1216,1
Cell_1217,1
Cell_1218,6
Cell_1219,6
Cell_1220,2
Cell_1221,5
Cell_1222,1
Cell_1223,1
Cell_1224,2
Cell_1225,6
Cell_1227,7
Cell_1228,6
Cell_1229,5
Cell_1230,2
Cell_1231,7
Cell_1232,1
Cell_1233,1
Cell_1234,6
Cell_1235,7
Cell_1236,6
Cell_1237,5
Cell_1238,2
Cell_1239,6
Cell_1240,5
Cell_1241,5
Cell_1242,3
Cell_1243,7
Cell_1244,7
Cell_1245,1
Cell_1246,1
Cell_1247,5
Cell_1248,5
Cell_1251,1
Cell_1252,3
Cell_1253,2
Cell_1254,6
Cell_1255,7
Cell_1256,1
Cell_1257,6
Cell_1258,3
Cell_1259,5
Cell_1260,5
Cell_1261,7
Cell_1262,1
Cell_1263,6
Cell_1264,2
Cell_1265,1
Cell_1266,6
Cell_1267,1
Cell_1268,3
Cell_1269,1
Cell_1270,5
Cell_1271,5
Cell_1272,1
Cell_1273,1
Cell_1274,2
Cell_1275,2
Cell_1276,1
Cell_1277,1
Cell_1278,6
Cell_1279,5
Cell_1280,2
Cell_1281,3
Cell_1282,6
Cell_1283,5
Cell_1284,2
Cell_1285,1
Cell_1286,3
Cell_1287,3
Cell_1288,5
Cell_1289,5
Cell_1290,5
Cell_1291,2
Cell_1292,6
Cell_1293,1
Cell_1294,5
Cell_1295,1
Cell_1297,5
Cell_1299,5
Cell_1300,1
Cell_1301,3
Cell_1302,3
Cell_1303,6
Cell_1304,7
Cell_1305,2
Cell_1306,1
Cell_1307,6
Cell_1308,7
Cell_1309,5
Cell_1310,7
Cell_1311,1
Cell_1312,5
Cell_1314,7
Cell_1316,3
Cell_1317,5
Cell_1318,5
Cell_1319,6
Cell_1320,6
Cell_1321,1
Cell_1322,6
Cell_1323,6
Cell_1324,2
Cell_1325,7
Cell_1326,2
Cell_1327,1
Cell_1329,5
Cell_1330,5
Cell_1331,2
Cell_1332,1
Cell_1333,6
Cell_1334,2
Cell_1335,1
Cell_1336,2
Cell_1337,1
Cell_1338,1
Cell_1340,3
Cell_1342,2
Cell_1346,7
Cell_1347,6
Cell_1348,1
Cell_1349,1
Cell_1350,1
Cell_1351,1
Cell_1352,6
Cell_1353,2
Cell_1354,1
Cell_1355,7
Cell_1356,5
Cell_1357,2
Cell_1358,1
Cell_1359,1
Cell_1360,6
Cell_1361,5
Cell_1362,1
Cell_1363,6
Cell_1364,5
Cell_1365,2
Cell_1366,3
Cell_1368,2
Cell_1369,3
Cell_1370,6
Cell_1371,5
Cell_1373,6
Cell_1375,2
Cell_1377,6
Cell_1378,2
Cell_1379,2
Cell_1380,5
Cell_1381,1
Cell_1382,5
Cell_1383,5
Cell_1385,1
Cell_1387,3
Cell_1389,2
